,date,homeTeam,homeTeamPTS,awayTeam,awayTeamPTS,Over/Under
0,"Sep 6, 2018",Philadelphia Eagles,18,Atlanta Falcons,12,44.5
1,"Sep 9, 2018",Cleveland Browns,21,Pittsburgh Steelers,21,41.0
2,"Sep 9, 2018",Baltimore Ravens,47,Buffalo Bills,3,39.0
3,"Sep 9, 2018",New York,15,Jacksonville Jaguars,20,43.0
4,"Sep 9, 2018",New England,27,Houston Texans,20,49.5
5,"Sep 9, 2018",New Orleans,40,Tampa Bay,48,50.0
6,"Sep 9, 2018",Minnesota Vikings,24,San Francisco,16,46.5
7,"Sep 9, 2018",Miami Dolphins,27,Tennessee Titans,20,43.5
8,"Sep 9, 2018",Indianapolis Colts,23,Cincinnati Bengals,34,47.5
9,"Sep 9, 2018",Los Angeles,28,Kansas City,38,48.0
10,"Sep 9, 2018",Carolina Panthers,16,Dallas Cowboys,8,42.5
11,"Sep 9, 2018",Denver Broncos,27,Seattle Seahawks,24,42.5
12,"Sep 9, 2018",Arizona Cardinals,6,Washington Redskins,24,43.5
13,"Sep 9, 2018",Green Bay,24,Chicago Bears,23,45.0
14,"Sep 10, 2018",Detroit Lions,17,New York,48,44.0
15,"Sep 10, 2018",Oakland Raiders,13,Los Angeles,33,47.5
16,"Sep 13, 2018",Cincinnati Bengals,34,Baltimore Ravens,23,43.0
17,"Sep 16, 2018",Buffalo Bills,20,Los Angeles,31,41.5
18,"Sep 16, 2018",Atlanta Falcons,31,Carolina Panthers,24,44.0
19,"Sep 16, 2018",Washington Redskins,9,Indianapolis Colts,21,48.0
20,"Sep 16, 2018",Tampa Bay,27,Philadelphia Eagles,21,46.5
21,"Sep 16, 2018",Pittsburgh Steelers,37,Kansas City,42,52.0
22,"Sep 16, 2018",Tennessee Titans,20,Houston Texans,17,41.0
23,"Sep 16, 2018",New York,12,Miami Dolphins,20,43.0
24,"Sep 16, 2018",New Orleans,21,Cleveland Browns,18,51.0
25,"Sep 16, 2018",Green Bay,29,Minnesota Vikings,29,45.0
26,"Sep 16, 2018",San Francisco,30,Detroit Lions,27,48.5
27,"Sep 16, 2018",Los Angeles,34,Arizona Cardinals,0,43.5
28,"Sep 16, 2018",Jacksonville Jaguars,31,New England,20,44.5
29,"Sep 16, 2018",Denver Broncos,20,Oakland Raiders,19,44.0
30,"Sep 16, 2018",Dallas Cowboys,20,New York,13,42.0
31,"Sep 17, 2018",Chicago Bears,24,Seattle Seahawks,17,42.5
32,"Sep 20, 2018",Cleveland Browns,21,New York,17,41.0
33,"Sep 23, 2018",Carolina Panthers,31,Cincinnati Bengals,21,44.0
34,"Sep 23, 2018",Atlanta Falcons,37,New Orleans,43,54.0
35,"Sep 23, 2018",Washington Redskins,31,Green Bay,17,45.5
36,"Sep 23, 2018",Baltimore Ravens,27,Denver Broncos,14,46.0
37,"Sep 23, 2018",Philadelphia Eagles,20,Indianapolis Colts,16,45.5
38,"Sep 23, 2018",Minnesota Vikings,6,Buffalo Bills,27,41.0
39,"Sep 23, 2018",Miami Dolphins,28,Oakland Raiders,20,46.0
40,"Sep 23, 2018",Kansas City,38,San Francisco,27,53.0
41,"Sep 23, 2018",Jacksonville Jaguars,6,Tennessee Titans,9,39.0
42,"Sep 23, 2018",Houston Texans,22,New York,27,44.0
43,"Sep 23, 2018",Los Angeles,35,Los Angeles,23,49.0
44,"Sep 23, 2018",Seattle Seahawks,24,Dallas Cowboys,13,40.0
45,"Sep 23, 2018",Arizona Cardinals,14,Chicago Bears,16,39.0
46,"Sep 23, 2018",Detroit Lions,26,New England,10,55.0
47,"Sep 24, 2018",Tampa Bay,27,Pittsburgh Steelers,30,55.0
48,"Sep 27, 2018",Los Angeles,38,Minnesota Vikings,31,48.5
49,"Sep 30, 2018",Chicago Bears,48,Tampa Bay,10,46.0
50,"Sep 30, 2018",Atlanta Falcons,36,Cincinnati Bengals,37,52.5
51,"Sep 30, 2018",Tennessee Titans,26,Philadelphia Eagles,23,41.5
52,"Sep 30, 2018",New England,38,Miami Dolphins,7,50.5
53,"Sep 30, 2018",Jacksonville Jaguars,31,New York,12,40.5
54,"Sep 30, 2018",Green Bay,22,Buffalo Bills,0,43.5
55,"Sep 30, 2018",Dallas Cowboys,26,Detroit Lions,24,43.5
56,"Sep 30, 2018",Indianapolis Colts,34,Houston Texans,37,48.0
57,"Sep 30, 2018",Oakland Raiders,45,Cleveland Browns,42,44.5
58,"Sep 30, 2018",Arizona Cardinals,17,Seattle Seahawks,20,40.0
59,"Sep 30, 2018",Los Angeles,29,San Francisco,27,46.0
60,"Sep 30, 2018",New York,18,New Orleans,33,51.5
61,"Sep 30, 2018",Pittsburgh Steelers,14,Baltimore Ravens,26,51.0
62,"Oct 1, 2018",Denver Broncos,23,Kansas City,27,53.5
63,"Oct 4, 2018",New England,38,Indianapolis Colts,24,49.5
64,"Oct 7, 2018",Carolina Panthers,33,New York,31,43.5
65,"Oct 7, 2018",Buffalo Bills,13,Tennessee Titans,12,38.5
66,"Oct 7, 2018",Pittsburgh Steelers,41,Atlanta Falcons,17,57.0
67,"Oct 7, 2018",New York,34,Denver Broncos,16,43.0
68,"Oct 7, 2018",Kansas City,30,Jacksonville Jaguars,14,48.0
69,"Oct 7, 2018",Detroit Lions,31,Green Bay,23,50.0
70,"Oct 7, 2018",Cleveland Browns,12,Baltimore Ravens,9,44.5
71,"Oct 7, 2018",Cincinnati Bengals,27,Miami Dolphins,17,47.5
72,"Oct 7, 2018",Los Angeles,26,Oakland Raiders,10,52.0
73,"Oct 7, 2018",San Francisco,18,Arizona Cardinals,28,40.5
74,"Oct 7, 2018",Seattle Seahawks,31,Los Angeles,33,50.5
75,"Oct 7, 2018",Philadelphia Eagles,21,Minnesota Vikings,23,48.0
76,"Oct 7, 2018",Houston Texans,19,Dallas Cowboys,16,45.5
77,"Oct 8, 2018",New Orleans,43,Washington Redskins,19,51.5
78,"Oct 11, 2018",New York,13,Philadelphia Eagles,34,45.0
79,"Oct 14, 2018",Cincinnati Bengals,21,Pittsburgh Steelers,28,49.5
80,"Oct 14, 2018",Atlanta Falcons,34,Tampa Bay,29,57.0
81,"Oct 14, 2018",Washington Redskins,23,Carolina Panthers,17,44.5
82,"Oct 14, 2018",Oakland Raiders,3,Seattle Seahawks,27,48.0
83,"Oct 14, 2018",New York,42,Indianapolis Colts,34,47.5
84,"Oct 14, 2018",Minnesota Vikings,27,Arizona Cardinals,17,43.5
85,"Oct 14, 2018",Miami Dolphins,31,Chicago Bears,28,40.5
86,"Oct 14, 2018",Houston Texans,20,Buffalo Bills,13,40.5
87,"Oct 14, 2018",Cleveland Browns,14,Los Angeles,38,47.0
88,"Oct 14, 2018",Denver Broncos,20,Los Angeles,23,50.0
89,"Oct 14, 2018",Tennessee Titans,0,Baltimore Ravens,21,43.5
90,"Oct 14, 2018",Dallas Cowboys,40,Jacksonville Jaguars,7,39.0
91,"Oct 14, 2018",New England,43,Kansas City,40,59.5
92,"Oct 15, 2018",Green Bay,33,San Francisco,30,46.5
93,"Oct 18, 2018",Arizona Cardinals,10,Denver Broncos,45,42.5
94,"Oct 21, 2018",Los Angeles,20,Tennessee Titans,19,46.0
95,"Oct 21, 2018",Indianapolis Colts,37,Buffalo Bills,5,43.5
96,"Oct 21, 2018",Chicago Bears,31,New England,38,48.5
97,"Oct 21, 2018",Tampa Bay,26,Cleveland Browns,23,52.5
98,"Oct 21, 2018",Philadelphia Eagles,17,Carolina Panthers,21,45.0
99,"Oct 21, 2018",New York,17,Minnesota Vikings,37,45.0
100,"Oct 21, 2018",Miami Dolphins,21,Detroit Lions,32,47.0
101,"Oct 21, 2018",Jacksonville Jaguars,7,Houston Texans,20,42.5
102,"Oct 21, 2018",Baltimore Ravens,23,New Orleans,24,49.0
103,"Oct 21, 2018",Washington Redskins,20,Dallas Cowboys,17,40.5
104,"Oct 21, 2018",San Francisco,10,Los Angeles,39,52.0
105,"Oct 21, 2018",Kansas City,45,Cincinnati Bengals,10,56.0
106,"Oct 22, 2018",Atlanta Falcons,23,New York,20,52.0
107,"Oct 25, 2018",Houston Texans,42,Miami Dolphins,23,45.0
108,"Oct 28, 2018",Jacksonville Jaguars,18,Philadelphia Eagles,24,44.0
109,"Oct 28, 2018",Chicago Bears,24,New York,10,42.5
110,"Oct 28, 2018",Carolina Panthers,36,Baltimore Ravens,21,44.0
111,"Oct 28, 2018",Pittsburgh Steelers,33,Cleveland Browns,18,47.5
112,"Oct 28, 2018",New York,13,Washington Redskins,20,44.0
113,"Oct 28, 2018",Kansas City,30,Denver Broncos,23,53.0
114,"Oct 28, 2018",Detroit Lions,14,Seattle Seahawks,28,48.0
115,"Oct 28, 2018",Cincinnati Bengals,37,Tampa Bay,34,55.0
116,"Oct 28, 2018",Oakland Raiders,28,Indianapolis Colts,42,51.0
117,"Oct 28, 2018",Los Angeles,29,Green Bay,27,57.0
118,"Oct 28, 2018",Arizona Cardinals,18,San Francisco,15,40.0
119,"Oct 28, 2018",Minnesota Vikings,20,New Orleans,30,53.5
120,"Oct 29, 2018",Buffalo Bills,6,New England,25,44.5
121,"Nov 1, 2018",San Francisco,34,Oakland Raiders,3,44.0
122,"Nov 4, 2018",Carolina Panthers,42,Tampa Bay,28,55.5
123,"Nov 4, 2018",Buffalo Bills,9,Chicago Bears,41,38.0
124,"Nov 4, 2018",Washington Redskins,14,Atlanta Falcons,38,46.5
125,"Nov 4, 2018",Baltimore Ravens,16,Pittsburgh Steelers,23,46.5
126,"Nov 4, 2018",Minnesota Vikings,24,Detroit Lions,9,47.5
127,"Nov 4, 2018",Miami Dolphins,13,New York,6,43.0
128,"Nov 4, 2018",Cleveland Browns,21,Kansas City,37,51.5
129,"Nov 4, 2018",Seattle Seahawks,17,Los Angeles,25,48.0
130,"Nov 4, 2018",Denver Broncos,17,Houston Texans,19,46.5
131,"Nov 4, 2018",New Orleans,45,Los Angeles,35,57.0
132,"Nov 4, 2018",New England,31,Green Bay,17,56.0
133,"Nov 5, 2018",Dallas Cowboys,14,Tennessee Titans,28,40.5
134,"Nov 8, 2018",Pittsburgh Steelers,52,Carolina Panthers,21,51.0
135,"Nov 11, 2018",Cincinnati Bengals,14,New Orleans,51,53.5
136,"Nov 11, 2018",Chicago Bears,34,Detroit Lions,22,44.5
137,"Nov 11, 2018",Tampa Bay,3,Washington Redskins,16,51.0
138,"Nov 11, 2018",Tennessee Titans,34,New England,10,47.0
139,"Nov 11, 2018",New York,10,Buffalo Bills,41,38.0
140,"Nov 11, 2018",Kansas City,26,Arizona Cardinals,14,49.5
141,"Nov 11, 2018",Indianapolis Colts,29,Jacksonville Jaguars,26,48.0
142,"Nov 11, 2018",Cleveland Browns,28,Atlanta Falcons,16,49.5
143,"Nov 11, 2018",Oakland Raiders,6,Los Angeles,20,50.0
144,"Nov 11, 2018",Los Angeles,36,Seattle Seahawks,31,51.0
145,"Nov 11, 2018",Green Bay,31,Miami Dolphins,12,48.5
146,"Nov 11, 2018",Philadelphia Eagles,20,Dallas Cowboys,27,45.5
147,"Nov 12, 2018",San Francisco,23,New York,27,45.0
148,"Nov 15, 2018",Seattle Seahawks,27,Green Bay,24,49.0
149,"Nov 18, 2018",Atlanta Falcons,19,Dallas Cowboys,22,50.0
150,"Nov 18, 2018",Washington Redskins,21,Houston Texans,23,40.5
151,"Nov 18, 2018",Baltimore Ravens,24,Cincinnati Bengals,21,44.0
152,"Nov 18, 2018",New York,38,Tampa Bay,35,53.5
153,"Nov 18, 2018",Jacksonville Jaguars,16,Pittsburgh Steelers,20,47.0
154,"Nov 18, 2018",Detroit Lions,20,Carolina Panthers,19,48.0
155,"Nov 18, 2018",Indianapolis Colts,38,Tennessee Titans,10,50.0
156,"Nov 18, 2018",Los Angeles,22,Denver Broncos,23,46.5
157,"Nov 18, 2018",Arizona Cardinals,21,Oakland Raiders,23,41.0
158,"Nov 18, 2018",New Orleans,48,Philadelphia Eagles,7,56.5
159,"Nov 18, 2018",Chicago Bears,25,Minnesota Vikings,20,44.0
160,"Nov 19, 2018",Los Angeles,54,Kansas City,51,63.5
161,"Nov 22, 2018",Detroit Lions,16,Chicago Bears,23,43.0
162,"Nov 22, 2018",Dallas Cowboys,31,Washington Redskins,23,40.0
163,"Nov 22, 2018",New Orleans,31,Atlanta Falcons,17,61.5
164,"Nov 25, 2018",Tampa Bay,27,San Francisco,9,54.5
165,"Nov 25, 2018",Baltimore Ravens,34,Oakland Raiders,17,42.0
166,"Nov 25, 2018",Philadelphia Eagles,25,New York,22,49.0
167,"Nov 25, 2018",New York,13,New England,27,46.5
168,"Nov 25, 2018",Cincinnati Bengals,20,Cleveland Browns,35,46.5
169,"Nov 25, 2018",Carolina Panthers,27,Seattle Seahawks,30,46.5
170,"Nov 25, 2018",Buffalo Bills,24,Jacksonville Jaguars,21,36.5
171,"Nov 25, 2018",Los Angeles,45,Arizona Cardinals,10,43.0
172,"Nov 25, 2018",Denver Broncos,24,Pittsburgh Steelers,17,47.5
173,"Nov 25, 2018",Indianapolis Colts,27,Miami Dolphins,24,52.5
174,"Nov 25, 2018",Minnesota Vikings,24,Green Bay,17,48.0
175,"Nov 26, 2018",Houston Texans,34,Tennessee Titans,17,42.5
176,"Nov 29, 2018",Dallas Cowboys,13,New Orleans,10,51.5
177,"Dec 2, 2018",Cincinnati Bengals,10,Denver Broncos,24,45.0
178,"Dec 2, 2018",Atlanta Falcons,16,Baltimore Ravens,26,46.5
179,"Dec 2, 2018",Tampa Bay,24,Carolina Panthers,17,52.0
180,"Dec 2, 2018",New York,30,Chicago Bears,27,44.0
181,"Dec 2, 2018",Miami Dolphins,21,Buffalo Bills,17,40.0
182,"Dec 2, 2018",Jacksonville Jaguars,6,Indianapolis Colts,0,45.5
183,"Dec 2, 2018",Houston Texans,29,Cleveland Browns,13,47.5
184,"Dec 2, 2018",Green Bay,17,Arizona Cardinals,20,41.0
185,"Dec 2, 2018",Detroit Lions,16,Los Angeles,30,54.0
186,"Dec 2, 2018",Oakland Raiders,33,Kansas City,40,53.5
187,"Dec 2, 2018",Tennessee Titans,26,New York,22,40.5
188,"Dec 2, 2018",Seattle Seahawks,43,San Francisco,16,45.5
189,"Dec 2, 2018",New England,24,Minnesota Vikings,10,49.5
190,"Dec 2, 2018",Pittsburgh Steelers,30,Los Angeles,33,52.5
191,"Dec 3, 2018",Philadelphia Eagles,28,Washington Redskins,13,45.0
192,"Dec 6, 2018",Tennessee Titans,30,Jacksonville Jaguars,9,37.5
193,"Dec 9, 2018",Buffalo Bills,23,New York,27,37.0
194,"Dec 9, 2018",Washington Redskins,16,New York,40,40.5
195,"Dec 9, 2018",Tampa Bay,14,New Orleans,28,54.0
196,"Dec 9, 2018",Miami Dolphins,34,New England,33,49.5
197,"Dec 9, 2018",Kansas City,27,Baltimore Ravens,24,48.5
198,"Dec 9, 2018",Houston Texans,21,Indianapolis Colts,24,49.0
199,"Dec 9, 2018",Green Bay,34,Atlanta Falcons,20,50.5
200,"Dec 9, 2018",Cleveland Browns,26,Carolina Panthers,20,47.5
201,"Dec 9, 2018",San Francisco,20,Denver Broncos,14,45.5
202,"Dec 9, 2018",Los Angeles,26,Cincinnati Bengals,21,48.5
203,"Dec 9, 2018",Oakland Raiders,24,Pittsburgh Steelers,21,51.0
204,"Dec 9, 2018",Dallas Cowboys,29,Philadelphia Eagles,23,45.5
205,"Dec 9, 2018",Arizona Cardinals,3,Detroit Lions,17,40.5
206,"Dec 9, 2018",Chicago Bears,15,Los Angeles,6,51.0
207,"Dec 10, 2018",Seattle Seahawks,21,Minnesota Vikings,7,45.5
208,"Dec 13, 2018",Kansas City,28,Los Angeles,29,54.0
209,"Dec 15, 2018",New York,22,Houston Texans,29,44.0
210,"Dec 15, 2018",Denver Broncos,16,Cleveland Browns,17,47.0
211,"Dec 16, 2018",Baltimore Ravens,20,Tampa Bay,12,45.0
212,"Dec 16, 2018",New York,0,Tennessee Titans,17,42.0
213,"Dec 16, 2018",Minnesota Vikings,41,Miami Dolphins,17,45.0
214,"Dec 16, 2018",Jacksonville Jaguars,13,Washington Redskins,16,36.5
215,"Dec 16, 2018",Indianapolis Colts,23,Dallas Cowboys,0,46.5
216,"Dec 16, 2018",Cincinnati Bengals,30,Oakland Raiders,16,46.0
217,"Dec 16, 2018",Chicago Bears,24,Green Bay,17,46.5
218,"Dec 16, 2018",Buffalo Bills,14,Detroit Lions,13,40.0
219,"Dec 16, 2018",Atlanta Falcons,40,Arizona Cardinals,14,43.5
220,"Dec 16, 2018",San Francisco,26,Seattle Seahawks,23,44.0
221,"Dec 16, 2018",Pittsburgh Steelers,17,New England,10,56.0
222,"Dec 16, 2018",Los Angeles,23,Philadelphia Eagles,30,52.5
223,"Dec 17, 2018",Carolina Panthers,9,New Orleans,12,50.5
224,"Dec 22, 2018",Tennessee Titans,25,Washington Redskins,16,37.5
225,"Dec 22, 2018",Los Angeles,10,Baltimore Ravens,22,42.5
226,"Dec 23, 2018",Carolina Panthers,10,Atlanta Falcons,24,46.0
227,"Dec 23, 2018",Philadelphia Eagles,32,Houston Texans,30,46.5
228,"Dec 23, 2018",New York,38,Green Bay,44,47.5
229,"Dec 23, 2018",New England,24,Buffalo Bills,12,45.0
230,"Dec 23, 2018",Miami Dolphins,7,Jacksonville Jaguars,17,39.5
231,"Dec 23, 2018",Detroit Lions,9,Minnesota Vikings,27,42.5
232,"Dec 23, 2018",Dallas Cowboys,27,Tampa Bay,20,48.0
233,"Dec 23, 2018",Indianapolis Colts,28,New York,27,48.5
234,"Dec 23, 2018",Cleveland Browns,26,Cincinnati Bengals,18,44.0
235,"Dec 23, 2018",San Francisco,9,Chicago Bears,14,44.0
236,"Dec 23, 2018",Arizona Cardinals,9,Los Angeles,31,43.0
237,"Dec 23, 2018",New Orleans,31,Pittsburgh Steelers,28,53.0
238,"Dec 23, 2018",Seattle Seahawks,38,Kansas City,31,54.5
239,"Dec 24, 2018",Oakland Raiders,27,Denver Broncos,14,42.5
240,"Dec 30, 2018",Green Bay,0,Detroit Lions,31,44.5
241,"Dec 30, 2018",Buffalo Bills,42,Miami Dolphins,17,39.5
242,"Dec 30, 2018",Tampa Bay,32,Atlanta Falcons,34,51.5
243,"Dec 30, 2018",New York,35,Dallas Cowboys,36,38.5
244,"Dec 30, 2018",New England,38,New York,3,46.5
245,"Dec 30, 2018",New Orleans,14,Carolina Panthers,33,42.0
246,"Dec 30, 2018",Houston Texans,20,Jacksonville Jaguars,3,39.5
247,"Dec 30, 2018",Denver Broncos,9,Los Angeles,23,43.5
248,"Dec 30, 2018",Washington Redskins,0,Philadelphia Eagles,24,42.5
249,"Dec 30, 2018",Seattle Seahawks,27,Arizona Cardinals,24,39.5
250,"Dec 30, 2018",Baltimore Ravens,26,Cleveland Browns,24,41.0
251,"Dec 30, 2018",Los Angeles,48,San Francisco,32,49.5
252,"Dec 30, 2018",Pittsburgh Steelers,16,Cincinnati Bengals,13,45.0
253,"Dec 30, 2018",Minnesota Vikings,10,Chicago Bears,24,40.5
254,"Dec 30, 2018",Kansas City,35,Oakland Raiders,3,52.5
255,"Dec 30, 2018",Tennessee Titans,17,Indianapolis Colts,33,42.5
